{"cameraMode":{"drawMode":0,"name":"Shaded","section":"Shading Mode"},"sceneLighting":false,"audioPlay":false,"sceneViewState":{"showFog":false,"showMaterialUpdate":false,"showSkybox":false,"showFlares":false,"showImageEffects":false,"showParticleSystems":false},"in2DMode":false,"pivot":{"x":-0.5685984492301941,"y":-0.7197681665420532,"z":-1.2921772003173829},"rotation":{"x":0.00286159198731184,"y":-0.9790592193603516,"z":-0.012875067070126534,"w":-0.20406755805015565},"size":6.5396952629089359,"orthographic":false}