{"cameraMode":{"drawMode":0,"name":"Shaded","section":"Shading Mode"},"sceneLighting":false,"audioPlay":false,"sceneViewState":{"showFog":false,"showMaterialUpdate":false,"showSkybox":false,"showFlares":false,"showImageEffects":false,"showParticleSystems":false},"in2DMode":false,"pivot":{"x":20.81302833557129,"y":18.25977897644043,"z":14.647222518920899},"rotation":{"x":0.01660177670419216,"y":0.4721267819404602,"z":-0.0077967578545212749,"w":0.8815977573394775},"size":2.121701955795288,"orthographic":false}