{"cameraMode":{"drawMode":0,"name":"Shaded","section":"Shading Mode"},"sceneLighting":false,"audioPlay":false,"sceneViewState":{"showFog":false,"showMaterialUpdate":false,"showSkybox":false,"showFlares":false,"showImageEffects":false,"showParticleSystems":false},"in2DMode":false,"pivot":{"x":16.432231903076173,"y":-111.99129486083985,"z":175.26220703125},"rotation":{"x":0.3186149299144745,"y":0.02216203697025776,"z":-0.007552940398454666,"w":0.9477587938308716},"size":196.37574768066407,"orthographic":false}