{"cameraMode":{"drawMode":0,"name":"Shaded","section":"Shading Mode"},"sceneLighting":false,"audioPlay":false,"sceneViewState":{"showFog":false,"showMaterialUpdate":false,"showSkybox":false,"showFlares":false,"showImageEffects":false,"showParticleSystems":false},"in2DMode":false,"pivot":{"x":-0.09314416348934174,"y":-7.41641092300415,"z":12.91500186920166},"rotation":{"x":0.3526220917701721,"y":-0.009959659539163113,"z":0.004232172388583422,"w":0.9359448552131653},"size":21.690397262573243,"orthographic":false}