{"cameraMode":{"drawMode":0,"name":"Shaded","section":"Shading Mode"},"sceneLighting":false,"audioPlay":false,"sceneViewState":{"showFog":false,"showMaterialUpdate":false,"showSkybox":false,"showFlares":false,"showImageEffects":false,"showParticleSystems":false},"in2DMode":false,"pivot":{"x":-7.745111465454102,"y":67.37376403808594,"z":-43.77640151977539},"rotation":{"x":0.4684743583202362,"y":0.09244979172945023,"z":-0.049377765506505969,"w":0.8772457242012024},"size":12.007096290588379,"orthographic":false}