{"cameraMode":{"drawMode":0,"name":"Shaded","section":"Shading Mode"},"sceneLighting":false,"audioPlay":false,"sceneViewState":{"showFog":false,"showMaterialUpdate":false,"showSkybox":false,"showFlares":false,"showImageEffects":false,"showParticleSystems":false},"in2DMode":false,"pivot":{"x":3.566410541534424,"y":3.6058731079101564,"z":55.91486740112305},"rotation":{"x":0.052804093807935718,"y":0.01169191487133503,"z":0.0002250468824058771,"w":0.9987695813179016},"size":4.093012809753418,"orthographic":false}