{"cameraMode":{"drawMode":0,"name":"Shaded","section":"Shading Mode"},"sceneLighting":false,"audioPlay":false,"sceneViewState":{"showFog":false,"showMaterialUpdate":false,"showSkybox":false,"showFlares":false,"showImageEffects":false,"showParticleSystems":false},"in2DMode":false,"pivot":{"x":0.002788543701171875,"y":0.31446409225463869,"z":1.4142218828201295},"rotation":{"x":0.14605742692947389,"y":-0.7603698372840881,"z":0.1823873072862625,"w":0.6062122583389282},"size":9.47852897644043,"orthographic":false}