{"cameraMode":{"drawMode":0,"name":"Shaded","section":"Shading Mode"},"sceneLighting":false,"audioPlay":false,"sceneViewState":{"showFog":false,"showMaterialUpdate":false,"showSkybox":false,"showFlares":false,"showImageEffects":false,"showParticleSystems":false},"in2DMode":false,"pivot":{"x":0.5948696732521057,"y":0.2795870006084442,"z":-0.5553313493728638},"rotation":{"x":-0.1110752522945404,"y":0.1080184280872345,"z":0.01441071555018425,"w":0.9880980253219605},"size":4.093012809753418,"orthographic":false}