{"cameraMode":{"drawMode":0,"name":"Shaded","section":"Shading Mode"},"sceneLighting":false,"audioPlay":false,"sceneViewState":{"showFog":false,"showMaterialUpdate":false,"showSkybox":false,"showFlares":false,"showImageEffects":false,"showParticleSystems":false},"in2DMode":false,"pivot":{"x":10.683212280273438,"y":13.175686836242676,"z":25.221763610839845},"rotation":{"x":0.11113455891609192,"y":0.02524402365088463,"z":-0.00048635611892677844,"w":0.993760347366333},"size":4.211825370788574,"orthographic":false}