{"cameraMode":{"drawMode":0,"name":"Shaded","section":"Shading Mode"},"sceneLighting":false,"audioPlay":false,"sceneViewState":{"showFog":false,"showMaterialUpdate":false,"showSkybox":false,"showFlares":false,"showImageEffects":false,"showParticleSystems":false},"in2DMode":false,"pivot":{"x":3.8758316040039064,"y":0.7200000286102295,"z":61.673377990722659},"rotation":{"x":0.33834466338157656,"y":0.03666304424405098,"z":-0.012295861728489399,"w":0.9404744505882263},"size":4.093012809753418,"orthographic":false}