{"cameraMode":{"drawMode":0,"name":"Shaded","section":"Shading Mode"},"sceneLighting":false,"audioPlay":false,"sceneViewState":{"showFog":false,"showMaterialUpdate":false,"showSkybox":false,"showFlares":false,"showImageEffects":false,"showParticleSystems":false},"in2DMode":false,"pivot":{"x":12.310290336608887,"y":3.2049684524536135,"z":45.02116394042969},"rotation":{"x":0.20457826554775239,"y":-0.562397301197052,"z":0.14565864205360413,"w":0.7880071997642517},"size":11.431534767150879,"orthographic":false}