{"cameraMode":{"drawMode":0,"name":"Shaded","section":"Shading Mode"},"sceneLighting":false,"audioPlay":false,"sceneViewState":{"showFog":false,"showMaterialUpdate":false,"showSkybox":false,"showFlares":false,"showImageEffects":false,"showParticleSystems":false},"in2DMode":false,"pivot":{"x":-0.8524380922317505,"y":-2.6421163082122804,"z":-7.734166145324707},"rotation":{"x":0.021444741636514665,"y":-0.9653269648551941,"z":0.2473016083240509,"w":0.08269544690847397},"size":14.155585289001465,"orthographic":false}