{"cameraMode":{"drawMode":0,"name":"Shaded","section":"Shading Mode"},"sceneLighting":false,"audioPlay":false,"sceneViewState":{"showFog":false,"showMaterialUpdate":false,"showSkybox":false,"showFlares":false,"showImageEffects":false,"showParticleSystems":false},"in2DMode":false,"pivot":{"x":1.9798239469528199,"y":-0.499727725982666,"z":-11.421319007873536},"rotation":{"x":-0.0015405253507196904,"y":-0.9981109499931336,"z":0.031775351613759997,"w":-0.05543769523501396},"size":21.629579544067384,"orthographic":false}