{"cameraMode":{"drawMode":0,"name":"Shaded","section":"Shading Mode"},"sceneLighting":false,"audioPlay":false,"sceneViewState":{"showFog":false,"showMaterialUpdate":false,"showSkybox":false,"showFlares":false,"showImageEffects":false,"showParticleSystems":false},"in2DMode":false,"pivot":{"x":13.939513206481934,"y":18.915773391723634,"z":1.185501217842102},"rotation":{"x":0.33257535099983218,"y":-0.03956915810704231,"z":0.015126552432775498,"w":0.9423764944076538},"size":10.033862113952637,"orthographic":false}