{"cameraMode":{"drawMode":0,"name":"Shaded","section":"Shading Mode"},"sceneLighting":false,"audioPlay":false,"sceneViewState":{"showFog":false,"showMaterialUpdate":false,"showSkybox":false,"showFlares":false,"showImageEffects":false,"showParticleSystems":false},"in2DMode":false,"pivot":{"x":4.750410079956055,"y":4.697477340698242,"z":54.20808410644531},"rotation":{"x":0.1438264101743698,"y":0.022056588903069497,"z":-0.0023459787480533125,"w":0.9895889163017273},"size":4.093012809753418,"orthographic":false}