{"cameraMode":{"drawMode":0,"name":"Shaded","section":"Shading Mode"},"sceneLighting":false,"audioPlay":false,"sceneViewState":{"showFog":false,"showMaterialUpdate":false,"showSkybox":false,"showFlares":false,"showImageEffects":false,"showParticleSystems":false},"in2DMode":false,"pivot":{"x":188.97618103027345,"y":79.19644927978516,"z":398.5885314941406},"rotation":{"x":-0.00020249556109774858,"y":-0.9994471073150635,"z":0.01381793711334467,"w":-0.03753000870347023},"size":22.0,"orthographic":false}