{"cameraMode":{"drawMode":0,"name":"Shaded","section":"Shading Mode"},"sceneLighting":false,"audioPlay":false,"sceneViewState":{"showFog":false,"showMaterialUpdate":false,"showSkybox":false,"showFlares":false,"showImageEffects":false,"showParticleSystems":false},"in2DMode":false,"pivot":{"x":1.2515156269073487,"y":-9.775859832763672,"z":10.459400177001954},"rotation":{"x":0.4242529571056366,"y":0.03250681981444359,"z":-0.014741804450750351,"w":0.9050896763801575},"size":21.690397262573243,"orthographic":false}