{"cameraMode":{"drawMode":0,"name":"Shaded","section":"Shading Mode"},"sceneLighting":false,"audioPlay":false,"sceneViewState":{"showFog":false,"showMaterialUpdate":false,"showSkybox":false,"showFlares":false,"showImageEffects":false,"showParticleSystems":false},"in2DMode":false,"pivot":{"x":-30.68280029296875,"y":72.60609436035156,"z":252.10049438476563},"rotation":{"x":0.0007891376735642552,"y":-0.8413107395172119,"z":0.0034318428952246906,"w":0.540972888469696},"size":349.82232666015627,"orthographic":false}