{"cameraMode":{"drawMode":0,"name":"Shaded","section":"Shading Mode"},"sceneLighting":false,"audioPlay":false,"sceneViewState":{"showFog":false,"showMaterialUpdate":false,"showSkybox":false,"showFlares":false,"showImageEffects":false,"showParticleSystems":false},"in2DMode":false,"pivot":{"x":0.7259563207626343,"y":4.304027080535889,"z":6.262228012084961},"rotation":{"x":-0.0700886994600296,"y":0.04580141603946686,"z":0.0027298051863908769,"w":0.9966139793395996},"size":19.627540588378908,"orthographic":false}