{"cameraMode":{"drawMode":0,"name":"Shaded","section":"Shading Mode"},"sceneLighting":false,"audioPlay":false,"sceneViewState":{"showFog":false,"showMaterialUpdate":false,"showSkybox":false,"showFlares":false,"showImageEffects":false,"showParticleSystems":false},"in2DMode":false,"pivot":{"x":17.222888946533204,"y":18.380212783813478,"z":-6.068204879760742},"rotation":{"x":0.2467620074748993,"y":-0.011680171824991703,"z":0.004179405979812145,"w":0.9692372679710388},"size":10.033862113952637,"orthographic":false}