{"cameraMode":{"drawMode":0,"name":"Shaded","section":"Shading Mode"},"sceneLighting":false,"audioPlay":false,"sceneViewState":{"showFog":false,"showMaterialUpdate":false,"showSkybox":false,"showFlares":false,"showImageEffects":false,"showParticleSystems":false},"in2DMode":false,"pivot":{"x":314.5468444824219,"y":866.9024047851563,"z":-697.9421997070313},"rotation":{"x":-0.40721088647842409,"y":0.1855703890323639,"z":0.08487293869256973,"w":0.890245258808136},"size":17.777769088745118,"orthographic":false}