{"cameraMode":{"drawMode":0,"name":"Shaded","section":"Shading Mode"},"sceneLighting":false,"audioPlay":false,"sceneViewState":{"showFog":false,"showMaterialUpdate":false,"showSkybox":false,"showFlares":false,"showImageEffects":false,"showParticleSystems":false},"in2DMode":false,"pivot":{"x":2.2447361946105959,"y":4.20772123336792,"z":0.7402796745300293},"rotation":{"x":-0.016987517476081849,"y":-0.4972645044326782,"z":0.010205199010670185,"w":-0.867520809173584},"size":9.47852897644043,"orthographic":false}