{"cameraMode":{"drawMode":0,"name":"Shaded","section":"Shading Mode"},"sceneLighting":false,"audioPlay":false,"sceneViewState":{"showFog":false,"showMaterialUpdate":false,"showSkybox":false,"showFlares":false,"showImageEffects":false,"showParticleSystems":false},"in2DMode":false,"pivot":{"x":303.0292053222656,"y":1029.966796875,"z":-658.4852905273438},"rotation":{"x":0.11207941919565201,"y":0.0566098690032959,"z":-0.006403879262506962,"w":0.9920629262924194},"size":18.61546516418457,"orthographic":false}