{"cameraMode":{"drawMode":0,"name":"Shaded","section":"Shading Mode"},"sceneLighting":false,"audioPlay":false,"sceneViewState":{"showFog":false,"showMaterialUpdate":false,"showSkybox":false,"showFlares":false,"showImageEffects":false,"showParticleSystems":false},"in2DMode":false,"pivot":{"x":10.392684936523438,"y":-59.47756576538086,"z":200.84603881835938},"rotation":{"x":0.1616203635931015,"y":0.005314624402672052,"z":-0.001036653877235949,"w":0.9869951009750366},"size":196.37574768066407,"orthographic":false}